Type,Name,Request Count,Failure Count,Median Response Time,Average Response Time,Min Response Time,Max Response Time,Average Content Size,Requests/s,Failures/s,50%,66%,75%,80%,90%,95%,98%,99%,99.9%,99.99%,100%
POST,/indicators/currentness,13,0,44000.0,64157.794523769284,34257.433980001224,265555.78575099935,23247.0,0.026087833421258363,0.0,44000,45000,47000,48000,106000,266000,266000,266000,266000,266000,266000
,Aggregated,13,0,44000.0,64157.794523769284,34257.433980001224,265555.78575099935,23247.0,0.026087833421258363,0.0,44000,45000,47000,48000,106000,266000,266000,266000,266000,266000,266000
